Learning Rate,Batch Size,Num Epochs,Optimizer,Rotate,Scale Min,Scale Max,Min Ratio,Max Ratio,Final Train Loss,Final Test Loss,Final Accuracy,Final Macro ROC AUC,Final Micro ROC AUC
0.001,64,20,adam,30,0.8,1.0,0.75,1.33,0.21406194683277913,0.2000330622733262,0.9472188076213891,0.9933272312152486,0.9933284222605991
0.0001,64,20,adam,30,0.8,1.0,0.75,1.33,0.2621095791917365,0.22512377070442768,0.9369237861094039,0.9890401750149937,0.9896208220288953
0.001,32,20,adam,30,0.8,1.0,0.75,1.33,0.21726160014484608,0.20627271566744929,0.9451060233558697,0.9944710295391739,0.9945708324701077
0.001,64,10,adam,30,0.8,1.0,0.75,1.33,0.25848724183143107,0.2192497470341142,0.93799938537185,0.9917992104062868,0.9915780263960555
0.001,64,20,sgd,30,0.8,1.0,0.75,1.33,0.24601314628461246,0.2112482839298893,0.9407267977873387,0.9877606339611242,0.9884164168303503
0.001,64,20,adam,15,0.9,1.0,0.85,1.23,0.1504200099021274,0.21050254338991628,0.9456438229870928,0.9930361567278029,0.9932050475558981
